Picture,Name,Gender,Email,Phone Number,Current Age,Registered,Location
,Mason White,male,mason.white@example.com,(935)-649-5426,46 years,3 year(s) ago,New Zealand
,Aatu Kurtti,male,aatu.kurtti@example.com,04-108-974,47 years,5 year(s) ago,Finland
,Leana Boyer,female,leana.boyer@example.com,01-03-99-97-37,46 years,11 year(s) ago,France
,Ülkü Okumuş,female,ulku.okumus@example.com,(072)-371-8585,55 years,7 year(s) ago,Turkey
,Duane Watson,male,duane.watson@example.com,06-6697-0268,38 years,8 year(s) ago,Australia
,Amanda Keranen,female,amanda.keranen@example.com,06-167-228,59 years,8 year(s) ago,Finland
,Lesly Kaffa,female,lesly.kaffa@example.com,(753)-202-7337,68 years,12 year(s) ago,Netherlands
,Mestan Evliyaoğlu,female,mestan.evliyaoglu@example.com,(966)-675-7332,35 years,3 year(s) ago,Turkey
,Josefa Werth,female,josefa.werth@example.com,0915-4093177,55 years,11 year(s) ago,Germany
,Rosmarie David,female,rosmarie.david@example.com,077 450 22 75,28 years,4 year(s) ago,Switzerland
,Lærke Rasmussen,female,laerke.rasmussen@example.com,42022420,40 years,12 year(s) ago,Denmark
,Filippa Mortensen,female,filippa.mortensen@example.com,31734174,61 years,14 year(s) ago,Denmark
,Sara Moreau,female,sara.moreau@example.com,079 542 62 70,31 years,20 year(s) ago,Switzerland
,Georgia Hughes,female,georgia.hughes@example.com,(380)-000-5405,33 years,11 year(s) ago,New Zealand
,محیا کامروا,female,mhy.khmrw@example.com,035-47127965,26 years,20 year(s) ago,Iran
,Michelle Coleman,female,michelle.coleman@example.com,0110025 016 4306,24 years,4 year(s) ago,United Kingdom
,Lidia Vega,female,lidia.vega@example.com,988-272-961,55 years,8 year(s) ago,Spain
,Pedro Bravo,male,pedro.bravo@example.com,951-551-660,31 years,8 year(s) ago,Spain
,Ottmar Nicolai,male,ottmar.nicolai@example.com,0779-0672954,77 years,10 year(s) ago,Germany
,Darryl Andrews,male,darryl.andrews@example.com,017684 90384,68 years,9 year(s) ago,United Kingdom
,Lourdes Duran,female,lourdes.duran@example.com,927-964-841,76 years,11 year(s) ago,Spain
,Jose Vargas,female,jose.vargas@example.com,920-743-858,42 years,12 year(s) ago,Spain
,Mark Torres,male,mark.torres@example.com,01512 19593,28 years,10 year(s) ago,United Kingdom
,Anela Mouw,female,anela.mouw@example.com,(730)-829-1015,29 years,11 year(s) ago,Netherlands
,Alex Cook,male,alex.cook@example.com,015396 20908,53 years,19 year(s) ago,United Kingdom
,Aurora Pastor,female,aurora.pastor@example.com,996-051-794,69 years,15 year(s) ago,Spain
,James Fontai,male,james.fontai@example.com,077 123 62 65,74 years,5 year(s) ago,Switzerland
,Andrea Thomsen,female,andrea.thomsen@example.com,72933241,58 years,9 year(s) ago,Denmark
,عرشيا کوتی,male,aarshy.khwty@example.com,070-26353083,64 years,8 year(s) ago,Iran
,Hayley Moore,female,hayley.moore@example.com,(850)-173-2283,68 years,13 year(s) ago,New Zealand
